﻿designator,quantity,value,pack,mpn,mount_type
"C5, C6, C7, C8",4,22pF,C_Disc_D4.7mm_W2.5mm_P5.00mm,,tht
J1,1,5V Power In,PinHeader_1x02_P2.54mm_Vertical,,tht
J2,1,Select Button,PinHeader_1x02_P2.54mm_Vertical,,tht
J3,1,"LCD, Relay, LED Signal",PinHeader_1x06_P2.54mm_Vertical,,tht
J4,1,TSS-108-01-L-D,SAMTEC_TSS-108-01-L-D,,tht
J5,1,Conn_01x05_Pin,PinHeader_1x05_P2.54mm_Vertical,,tht
R1,1,1M,R_Axial_DIN0207_L6.3mm_D2.5mm_P10.16mm_Horizontal,,tht
"R10, R12, R14, R16",4,47K,R_Axial_DIN0207_L6.3mm_D2.5mm_P10.16mm_Horizontal,,tht
"R11, R13, R15, R17",4,10K,R_Axial_DIN0207_L6.3mm_D2.5mm_P10.16mm_Horizontal,,tht
U1,1,ESP32-DEVKITC-32D,MODULE_ESP32-DEVKITC-32D,,tht
U2,1,BOB-12009,CONV_BOB-12009,,tht
