﻿pos_x,pos_y,rotation,side,designator,mpn,pack,value,mount_type,place
111.18,-29.31,180.0,top,C5,,C_Disc_D4.7mm_W2.5mm_P5.00mm,22pF,tht,True
111.21,-42.91,180.0,top,C6,,C_Disc_D4.7mm_W2.5mm_P5.00mm,22pF,tht,True
110.89,-56.24,180.0,top,C7,,C_Disc_D4.7mm_W2.5mm_P5.00mm,22pF,tht,True
110.73,-69.33,180.0,top,C8,,C_Disc_D4.7mm_W2.5mm_P5.00mm,22pF,tht,True
50.55,-86.8,0.0,top,J1,,PinHeader_1x02_P2.54mm_Vertical,5V Power In,tht,True
98.82,-72.18,90.0,top,J2,,PinHeader_1x02_P2.54mm_Vertical,Select Button,tht,True
120.87,-79.03,0.0,top,J3,,PinHeader_1x06_P2.54mm_Vertical,"LCD, Relay, LED Signal",tht,True
59.77,-77.61,0.0,top,J4,,SAMTEC_TSS-108-01-L-D,TSS-108-01-L-D,tht,True
128.69,-84.9,180.0,top,J5,,PinHeader_1x05_P2.54mm_Vertical,Conn_01x05_Pin,tht,True
98.76,-56.98,-90.0,top,R1,,R_Axial_DIN0207_L6.3mm_D2.5mm_P10.16mm_Horizontal,1M,tht,True
117.18,-29.34,0.0,top,R10,,R_Axial_DIN0207_L6.3mm_D2.5mm_P10.16mm_Horizontal,47K,tht,True
114.21,-28.99,-90.0,top,R11,,R_Axial_DIN0207_L6.3mm_D2.5mm_P10.16mm_Horizontal,10K,tht,True
116.76,-42.98,0.0,top,R12,,R_Axial_DIN0207_L6.3mm_D2.5mm_P10.16mm_Horizontal,47K,tht,True
114.02,-42.43,-90.0,top,R13,,R_Axial_DIN0207_L6.3mm_D2.5mm_P10.16mm_Horizontal,10K,tht,True
116.7,-56.12,0.0,top,R14,,R_Axial_DIN0207_L6.3mm_D2.5mm_P10.16mm_Horizontal,47K,tht,True
113.78,-55.7,-90.0,top,R15,,R_Axial_DIN0207_L6.3mm_D2.5mm_P10.16mm_Horizontal,10K,tht,True
116.51,-69.09,0.0,top,R16,,R_Axial_DIN0207_L6.3mm_D2.5mm_P10.16mm_Horizontal,47K,tht,True
113.54,-68.91,-90.0,top,R17,,R_Axial_DIN0207_L6.3mm_D2.5mm_P10.16mm_Horizontal,10K,tht,True
75.01,-40.0175,-90.0,top,U1,,MODULE_ESP32-DEVKITC-32D,ESP32-DEVKITC-32D,tht,True
101.84,-85.64,-90.0,top,U2,,CONV_BOB-12009,BOB-12009,tht,True
