﻿pos_x,pos_y,rotation,side,designator,mpn,pack,value,mount_type,place
104.5,-70.0,-90.0,top,C1,,C_Disc_D4.7mm_W2.5mm_P5.00mm,100nf,tht,True
96.0,-70.0,-90.0,top,C2,,C_Disc_D4.7mm_W2.5mm_P5.00mm,100nf,tht,True
88.0,-70.0,-90.0,top,C3,,C_Disc_D4.7mm_W2.5mm_P5.00mm,100nf,tht,True
125.5268,-73.4714,-90.0,top,C5,,C_Disc_D4.7mm_W2.5mm_P5.00mm,100nf,tht,True
118.6942,-87.6554,90.0,top,D1,,D_DO-41_SOD81_P10.16mm_Horizontal,1N4007,tht,True
113.8936,-87.7062,90.0,top,D2,,D_DO-41_SOD81_P10.16mm_Horizontal,1N4007,tht,True
51.545,-30.46,90.0,top,J1,,JST_XH_B2B-XH-A_1x02_P2.50mm_Vertical,5V Power In,tht,True
126.11,-32.575,-90.0,top,J2,,JST_XH_B2B-XH-A_1x02_P2.50mm_Vertical,Select Button,tht,True
115.516,-59.944,0.0,top,J3,,JST_XH_B6B-XH-A_1x06_P2.50mm_Vertical,"LCD, Relay, LED Signal",tht,True
73.113809,-64.76,-90.0,top,J4,,SAMTEC_ZSS-108-01-F-D-506,ZSS-108-01-F-D-506,tht,True
104.3248,-59.3598,180.0,top,J5,,JST_XH_B6B-XH-A_1x06_P2.50mm_Vertical,"DRL, Horn Sense",tht,True
54.61,-82.042,90.0,top,J6,,JST_XH_B2B-XH-A_1x02_P2.50mm_Vertical,Reset Button,tht,True
116.84,-38.1,90.0,top,R1,,R_Axial_DIN0207_L6.3mm_D2.5mm_P10.16mm_Horizontal,1M,tht,True
128.8288,-70.7898,180.0,top,R10,,R_Axial_DIN0207_L6.3mm_D2.5mm_P10.16mm_Horizontal,47K,tht,True
128.6988,-73.4598,-90.0,top,R11,,R_Axial_DIN0207_L6.3mm_D2.5mm_P10.16mm_Horizontal,10K,tht,True
91.48,-67.5,-90.0,top,R2,,R_Axial_DIN0207_L6.3mm_D2.5mm_P10.16mm_Horizontal,2.2K,tht,True
99.5,-67.5,-90.0,top,R3,,R_Axial_DIN0207_L6.3mm_D2.5mm_P10.16mm_Horizontal,2.2K,tht,True
108.0,-67.5,-90.0,top,R4,,R_Axial_DIN0207_L6.3mm_D2.5mm_P10.16mm_Horizontal,2.2K,tht,True
120.142,-38.1,90.0,top,R5,,R_Axial_DIN0207_L6.3mm_D2.5mm_P10.16mm_Horizontal,1M,tht,True
113.538,-38.1,90.0,top,R6,,R_Axial_DIN0207_L6.3mm_D2.5mm_P10.16mm_Horizontal,1M,tht,True
87.9,-40.64,-90.0,top,U1,,MODULE_ESP32-DEVKITC-32D,ESP32-DEVKITC-32D,tht,True
122.48,-47.67,0.0,top,U2,,CONV_BOB-12009,BOB-12009,tht,True
90.424,-85.0,180.0,top,U3,,DIL04,PC817X3NSZ9F,tht,True
98.171,-85.0,180.0,top,U4,,DIL04,PC817X3NSZ9F,tht,True
106.807,-85.09,180.0,top,U5,,DIL04,PC817X3NSZ9F,tht,True
