﻿designator,quantity,value,pack,mpn,mount_type
"C1, C2, C3, C5",4,100nf,C_Disc_D4.7mm_W2.5mm_P5.00mm,,tht
"D1, D2",2,1N4007,D_DO-41_SOD81_P10.16mm_Horizontal,,tht
D3,1,D_Schottky,D_DO-41_SOD81_P10.16mm_Horizontal,,tht
J1,1,5V Power In,JST_XH_B2B-XH-A_1x02_P2.50mm_Vertical,,tht
J2,1,Select Button,JST_XH_B2B-XH-A_1x02_P2.50mm_Vertical,,tht
J3,1,LCD Display,JST_XH_B4B-XH-A_1x04_P2.50mm_Vertical,,tht
J4,1,ZSS-108-01-F-D-506,SAMTEC_ZSS-108-01-F-D-506,,tht
J5,1,"DRL, Horn, Indicator",JST_XH_B4B-XH-A_1x04_P2.50mm_Vertical,,tht
J6,1,Reset Button,JST_XH_B2B-XH-A_1x02_P2.50mm_Vertical,,tht
J7,1,"DRL, Horn Sense",JST_XH_B4B-XH-A_1x04_P2.50mm_Vertical,,tht
"R1, R5, R6",3,1M,R_Axial_DIN0207_L6.3mm_D2.5mm_P10.16mm_Horizontal,,tht
R10,1,47K,R_Axial_DIN0207_L6.3mm_D2.5mm_P10.16mm_Horizontal,,tht
R11,1,10K,R_Axial_DIN0207_L6.3mm_D2.5mm_P10.16mm_Horizontal,,tht
"R2, R3, R4",3,2.2K,R_Axial_DIN0207_L6.3mm_D2.5mm_P10.16mm_Horizontal,,tht
U1,1,ESP32-DEVKITC-32D,MODULE_ESP32-DEVKITC-32D,,tht
U2,1,BOB-12009,CONV_BOB-12009,,tht
"U3, U4, U5",3,PC817X3NSZ9F,DIL04,,tht
