﻿pos_x,pos_y,rotation,side,designator,mpn,pack,value,mount_type,place
46.556292,-51.530978,0.0,top,C5,,C_Disc_D4.7mm_W2.5mm_P5.00mm,22pF,tht,True
53.238934,-47.288031,0.0,top,C6,,C_Disc_D4.7mm_W2.5mm_P5.00mm,22pF,tht,True
59.70491,-51.563806,0.0,top,C7,,C_Disc_D4.7mm_W2.5mm_P5.00mm,22pF,tht,True
65.967777,-47.394104,0.0,top,C8,,C_Disc_D4.7mm_W2.5mm_P5.00mm,22pF,tht,True
48.26,-91.44,90.0,top,J1,,PinHeader_1x02_P2.54mm_Vertical,5V Power In,tht,True
68.58,-27.94,90.0,top,J2,,PinHeader_1x02_P2.54mm_Vertical,Select Button,tht,True
50.11,-84.5,180.0,top,J3,,PinHeader_1x06_P2.54mm_Vertical,"LCD, Relay, LED Signal",tht,True
117.732381,-40.23,-90.0,top,J4,,SAMTEC_ZSS-108-01-F-D-506,ZSS-108-01-F-D-506,tht,True
59.245,-28.62,-90.0,top,J5,,PinHeader_1x05_P2.54mm_Vertical,Conn_01x05_Pin,tht,True
108.210171,-75.794994,90.0,top,R1,,R_Axial_DIN0207_L6.3mm_D2.5mm_P10.16mm_Horizontal,1M,tht,True
46.574135,-43.18,90.0,top,R10,,R_Axial_DIN0207_L6.3mm_D2.5mm_P10.16mm_Horizontal,47K,tht,True
46.61204,-55.88,-90.0,top,R11,,R_Axial_DIN0207_L6.3mm_D2.5mm_P10.16mm_Horizontal,10K,tht,True
53.34,-43.18,90.0,top,R12,,R_Axial_DIN0207_L6.3mm_D2.5mm_P10.16mm_Horizontal,47K,tht,True
53.34,-55.88,-90.0,top,R13,,R_Axial_DIN0207_L6.3mm_D2.5mm_P10.16mm_Horizontal,10K,tht,True
59.710576,-43.18,90.0,top,R14,,R_Axial_DIN0207_L6.3mm_D2.5mm_P10.16mm_Horizontal,47K,tht,True
59.723927,-55.88,-90.0,top,R15,,R_Axial_DIN0207_L6.3mm_D2.5mm_P10.16mm_Horizontal,10K,tht,True
66.04,-43.18,90.0,top,R16,,R_Axial_DIN0207_L6.3mm_D2.5mm_P10.16mm_Horizontal,47K,tht,True
66.04,-55.88,-90.0,top,R17,,R_Axial_DIN0207_L6.3mm_D2.5mm_P10.16mm_Horizontal,10K,tht,True
91.78,-58.42,180.0,top,U1,,MODULE_ESP32-DEVKITC-32D,ESP32-DEVKITC-32D,tht,True
119.38,-78.74,0.0,top,U2,,CONV_BOB-12009,BOB-12009,tht,True
