﻿pos_x,pos_y,rotation,side,designator,mpn,pack,value,mount_type,place
123.05,-76.75,-90.0,top,C5,,C_Disc_D4.7mm_W2.5mm_P5.00mm,22pF,tht,True
112.62,-74.88,-90.0,top,C6,,C_Disc_D4.7mm_W2.5mm_P5.00mm,22pF,tht,True
91.81,-77.34,-90.0,top,C7,,C_Disc_D4.7mm_W2.5mm_P5.00mm,22pF,tht,True
83.94,-84.16,-90.0,top,C8,,C_Disc_D4.7mm_W2.5mm_P5.00mm,22pF,tht,True
51.545,-30.46,90.0,top,J1,,JST_XH_B2B-XH-A_1x02_P2.50mm_Vertical,5V Power In,tht,True
126.11,-32.575,-90.0,top,J2,,JST_XH_B2B-XH-A_1x02_P2.50mm_Vertical,Select Button,tht,True
115.516,-59.944,0.0,top,J3,,JST_XH_B6B-XH-A_1x06_P2.50mm_Vertical,"LCD, Relay, LED Signal",tht,True
73.113809,-64.76,-90.0,top,J4,,SAMTEC_ZSS-108-01-F-D-506,ZSS-108-01-F-D-506,tht,True
101.82,-59.415,180.0,top,J5,,JST_XH_B5B-XH-A_1x05_P2.50mm_Vertical,"DRL, Horn Sense",tht,True
54.61,-82.042,90.0,top,J6,,JST_XH_B2B-XH-A_1x02_P2.50mm_Vertical,Reset Button,tht,True
120.33,-27.81,-90.0,top,R1,,R_Axial_DIN0207_L6.3mm_D2.5mm_P10.16mm_Horizontal,1M,tht,True
126.35,-74.06,180.0,top,R10,,R_Axial_DIN0207_L6.3mm_D2.5mm_P10.16mm_Horizontal,47K,tht,True
126.22,-76.73,-90.0,top,R11,,R_Axial_DIN0207_L6.3mm_D2.5mm_P10.16mm_Horizontal,10K,tht,True
109.37,-74.85,180.0,top,R12,,R_Axial_DIN0207_L6.3mm_D2.5mm_P10.16mm_Horizontal,47K,tht,True
109.37,-77.54,-90.0,top,R13,,R_Axial_DIN0207_L6.3mm_D2.5mm_P10.16mm_Horizontal,10K,tht,True
95.03,-77.31,90.0,top,R14,,R_Axial_DIN0207_L6.3mm_D2.5mm_P10.16mm_Horizontal,47K,tht,True
94.51,-80.03,0.0,top,R15,,R_Axial_DIN0207_L6.3mm_D2.5mm_P10.16mm_Horizontal,10K,tht,True
87.03,-84.28,90.0,top,R16,,R_Axial_DIN0207_L6.3mm_D2.5mm_P10.16mm_Horizontal,47K,tht,True
86.61,-86.91,0.0,top,R17,,R_Axial_DIN0207_L6.3mm_D2.5mm_P10.16mm_Horizontal,10K,tht,True
87.9,-40.64,-90.0,top,U1,,MODULE_ESP32-DEVKITC-32D,ESP32-DEVKITC-32D,tht,True
122.48,-47.67,0.0,top,U2,,CONV_BOB-12009,BOB-12009,tht,True
